student_id,anxiety,depression,financial_concerns,social_relationships,isolation,future_insecurity,campus_discrimination,sports_engagement
1,4,4,3,2,3,3,No,0
2,4,3,4,2,2,5,No,6
3,2,5,5,2,1,5,Yes,0
4,5,3,5,1,5,2,No,0
5,2,4,2,3,5,5,No,7
6,1,1,5,3,3,2,No,0
7,5,4,4,4,4,5,No,3
8,4,4,5,1,5,4,No,3
9,3,4,5,4,5,2,No,3
10,5,4,1,1,5,3,No,0
11,5,1,4,3,4,3,No,0
12,2,4,5,4,3,5,Yes,0
13,2,4,1,3,5,2,No,7
14,4,3,5,5,1,2,No,0
15,2,2,3,4,1,2,No,0
16,4,1,5,3,2,2,No,0
17,4,4,4,2,3,3,No,0
18,3,1,4,3,5,4,No,0
19,3,4,5,3,4,1,No,0
20,4,3,5,5,2,2,No,3
21,5,2,3,2,3,1,No,0
22,4,4,5,1,3,3,No,0
23,4,2,4,2,5,4,No,6
24,4,4,1,3,2,5,No,3
25,4,3,5,5,5,4,No,3
26,2,4,5,3,2,4,Yes,3
27,1,4,1,4,5,3,Yes,0
28,2,4,5,4,2,2,No,3
29,4,1,5,2,4,5,No,0
30,4,3,1,1,5,5,Yes,3
31,5,4,5,3,4,1,No,3
32,2,4,5,3,5,5,Yes,0
33,4,4,5,1,4,4,No,3
34,1,2,4,4,5,4,No,0
35,3,3,1,3,2,4,No,6
36,3,1,4,4,4,5,No,0
37,4,4,3,1,3,2,No,3
38,3,3,3,2,4,1,No,0
39,4,4,5,3,4,2,No,6
40,3,1,5,3,3,4,No,3
41,3,1,4,5,5,3,No,3
42,2,3,2,1,5,3,No,3
43,4,1,5,2,5,3,No,6
44,5,4,3,1,3,5,Yes,0
45,2,3,3,3,1,5,No,7
46,3,1,1,4,3,2,No,0
47,4,2,1,2,2,1,No,3
48,5,5,5,4,1,1,Yes,0
49,1,3,3,3,1,3,Yes,6
50,1,2,3,4,5,5,No,0
51,3,4,5,3,5,3,No,7
52,1,3,3,1,4,1,No,0
53,3,2,3,2,1,2,No,6
54,4,4,1,4,3,3,No,3
55,4,2,5,4,3,5,No,3
56,5,4,3,1,3,1,Yes,7
57,4,4,2,1,4,5,No,0
58,3,2,3,4,3,5,No,0
59,4,3,3,4,2,5,No,3
60,3,4,3,1,3,5,No,0
61,4,4,2,3,4,5,No,0
62,2,4,2,3,3,1,No,0
63,4,2,5,5,1,5,No,0
64,2,2,3,4,3,2,No,7
65,2,2,1,1,3,2,No,0
66,1,2,5,2,3,3,No,3
67,1,3,2,1,1,4,No,3
68,4,1,4,3,5,4,Yes,0
69,4,4,3,3,1,1,No,3
70,4,4,5,4,1,5,Yes,7
71,5,3,5,5,5,4,No,0
72,4,4,3,3,3,4,No,3
73,3,4,3,3,3,2,No,0
74,4,4,5,2,1,2,No,3
75,4,4,3,3,5,1,No,3
76,2,4,5,2,2,1,No,7
77,4,4,5,3,4,1,No,0
78,3,3,4,1,3,1,No,7
79,4,3,1,3,3,4,No,0
80,3,4,5,4,3,4,No,3
81,4,3,1,5,5,5,No,0
82,5,1,3,3,2,2,No,3
83,1,3,3,4,1,5,No,0
84,4,4,2,4,2,1,No,0
85,2,4,5,2,5,4,No,3
86,4,4,5,5,4,5,No,0
87,2,3,5,3,2,4,No,7
88,4,4,1,2,4,1,Yes,0
89,2,4,3,2,4,1,No,3
90,3,2,4,1,3,5,No,3
91,1,2,5,1,5,3,No,3
92,4,4,4,2,3,2,No,3
93,5,3,4,4,5,2,Yes,3
94,1,4,3,4,1,5,No,7
95,2,3,4,1,1,1,No,0
96,3,2,5,4,5,4,No,7
97,5,2,3,4,3,1,No,0
98,3,2,5,4,1,1,No,0
99,2,1,4,4,5,1,No,3
100,4,2,1,3,3,1,Yes,6
101,3,4,4,4,3,1,No,7
102,5,4,1,1,5,1,No,3
103,4,3,2,4,4,4,Yes,3
104,2,2,5,3,4,4,No,6
105,5,4,3,1,1,2,No,0
106,4,4,5,1,1,2,Yes,3
107,2,4,1,3,3,3,No,0
108,4,4,5,2,1,2,No,7
109,5,2,5,4,2,5,No,0
110,4,4,3,4,4,1,No,3
111,1,4,2,3,1,3,No,6
112,5,4,5,4,1,2,Yes,0
113,2,2,3,3,2,3,No,3
114,4,1,3,3,5,2,No,3
115,4,4,3,1,1,2,No,0
116,4,4,4,3,1,4,No,6
117,4,2,4,3,3,1,Yes,0
118,4,4,4,3,3,5,Yes,0
119,4,5,4,4,3,1,Yes,0
120,3,4,5,1,4,4,No,6
121,3,3,4,1,5,2,No,3
122,2,3,5,2,4,2,No,0
123,3,4,4,4,3,2,No,3
124,4,3,5,3,4,4,No,3
125,4,3,2,2,3,3,No,0
126,2,4,2,4,4,4,No,3
127,2,2,5,4,3,4,No,6
128,5,2,3,1,2,5,No,7
129,2,5,4,4,5,2,Yes,3
130,4,3,1,1,1,3,No,0
131,4,4,1,3,4,3,Yes,3
132,3,3,1,1,1,1,No,3
133,1,1,2,1,3,1,No,0
134,2,4,4,4,5,3,No,0
135,4,1,4,3,4,4,No,3
136,4,3,2,3,4,4,Yes,3
137,3,4,4,2,3,3,No,6
138,2,1,5,4,2,5,No,0
139,1,2,5,1,3,4,No,6
140,5,3,3,1,2,3,No,7
141,3,4,5,1,1,4,No,0
142,2,3,5,1,5,5,No,6
143,1,3,1,3,1,4,No,6
144,5,2,1,4,5,2,Yes,0
145,3,3,5,4,3,1,No,3
146,2,2,5,2,3,4,No,0
147,4,4,3,4,1,3,No,3
148,5,3,5,4,5,2,No,3
149,4,4,3,4,1,3,No,6
150,3,3,5,5,3,1,No,7
151,5,4,5,1,5,4,No,0
152,3,4,4,2,5,3,No,0
153,2,4,1,2,5,1,No,6
154,4,5,5,4,5,4,Yes,0
155,3,3,3,4,4,1,No,7
156,5,4,5,3,2,5,Yes,3
157,4,4,1,4,1,5,No,0
158,4,4,3,3,4,5,No,0
159,2,2,5,3,3,3,Yes,3
160,3,3,5,1,2,5,No,3
161,4,2,5,1,3,3,No,0
162,4,4,2,2,3,5,No,6
163,2,2,5,3,1,3,No,7
164,4,4,4,2,3,4,No,0
165,2,1,5,1,5,3,No,0
166,4,5,2,5,3,5,Yes,3
167,3,1,2,3,4,1,No,6
168,4,3,1,5,4,5,Yes,7
169,4,2,5,4,5,2,No,0
170,1,4,1,4,4,4,No,3
171,1,2,4,3,5,1,No,6
172,3,3,4,2,1,4,No,7
173,5,1,4,3,2,1,No,3
174,1,2,4,1,3,4,No,3
175,3,3,3,3,3,4,No,6
176,3,2,2,5,4,3,No,0
177,4,1,5,3,5,1,No,3
178,2,4,3,4,5,5,No,0
179,5,4,5,4,4,1,No,3
180,5,4,1,5,4,5,Yes,3
181,3,1,5,5,3,3,No,6
182,3,2,5,5,2,1,No,6
183,4,2,4,4,5,4,No,0
184,3,3,1,3,4,2,No,0
185,1,4,3,2,3,3,No,3
186,2,2,2,4,3,1,No,0
187,2,3,5,2,4,5,No,3
188,4,1,5,3,4,5,No,3
189,2,2,4,2,5,5,Yes,0
190,2,4,4,1,2,1,Yes,0
191,1,2,2,1,4,3,No,0
192,2,3,1,3,5,4,No,0
193,1,4,5,3,3,4,Yes,0
194,1,3,4,5,5,2,No,0
195,4,3,3,2,3,1,No,0
196,5,4,5,2,3,3,No,0
197,4,3,3,3,5,4,Yes,0
198,2,4,3,2,1,4,No,3
199,4,4,4,5,4,1,No,0
200,2,4,5,2,4,4,No,0
201,4,4,4,2,4,5,No,0
202,5,2,5,4,4,5,No,3
203,3,3,5,2,5,5,No,3
204,2,4,5,2,1,1,No,0
205,2,3,2,4,5,4,No,0
206,3,1,4,3,3,3,No,0
207,4,4,5,2,1,2,No,6
208,4,4,3,1,4,2,No,0
209,4,3,5,3,5,4,Yes,3
210,4,4,3,4,3,3,No,3
211,2,3,5,4,4,5,No,3
212,4,1,2,3,4,1,Yes,3
213,5,4,3,1,3,2,No,3
214,5,3,3,3,3,5,No,0
215,5,4,4,3,4,2,No,3
216,4,4,5,3,3,4,No,3
217,4,5,4,1,5,1,Yes,7
218,2,4,4,3,3,4,No,0
219,4,2,3,3,1,3,No,6
220,5,4,5,3,1,3,No,3
221,1,4,5,3,5,3,No,7
222,4,4,5,3,3,1,No,0
223,2,3,3,4,4,2,Yes,3
224,5,4,5,2,3,2,No,3
225,1,2,5,2,4,3,No,0
226,4,2,3,4,3,2,No,3
227,2,4,2,1,5,2,No,3
228,2,2,3,1,3,5,No,0
229,2,2,5,4,4,4,No,3
230,1,4,5,4,3,1,No,0
231,3,3,3,1,4,2,No,6
232,1,4,4,5,5,1,No,0
233,3,3,2,4,5,5,No,0
234,2,2,5,4,3,3,No,0
235,1,4,5,3,3,5,No,6
236,4,5,4,3,2,2,Yes,7
237,4,1,2,2,4,4,No,3
238,5,2,5,5,1,2,No,3
239,1,2,4,2,4,5,No,6
240,2,2,4,3,5,5,Yes,7
241,4,3,2,1,3,5,No,6
242,4,1,1,4,5,4,Yes,0
243,4,4,5,1,5,5,No,3
244,5,3,5,3,1,2,No,0
245,4,3,4,2,2,3,Yes,3
246,1,3,5,4,5,4,No,3
247,4,4,4,2,4,5,No,0
248,5,1,4,2,5,5,No,0
249,4,3,3,1,4,3,No,3
250,4,4,5,5,1,3,No,0
251,1,1,5,3,5,2,No,7
252,4,1,4,3,4,5,No,7
253,3,4,3,5,2,3,No,3
254,1,4,1,1,2,4,No,6
255,2,1,5,5,2,4,No,0
256,4,4,5,2,1,5,No,7
257,1,3,3,2,5,1,Yes,3
258,4,4,4,1,2,4,Yes,0
259,4,1,3,3,3,2,No,3
260,5,2,4,3,4,3,No,0
261,2,4,4,2,1,3,No,7
262,3,4,4,2,5,5,No,3
263,2,2,2,1,5,3,No,6
264,3,1,5,4,5,1,No,6
265,2,4,4,2,1,3,No,0
266,2,4,5,4,4,3,Yes,0
267,3,2,4,3,4,2,No,7
268,4,5,5,2,4,3,Yes,0
269,3,2,5,3,4,2,No,0
270,5,1,5,3,1,3,Yes,0
271,5,1,4,4,3,2,No,7
272,2,4,5,1,4,1,No,0
273,4,3,4,2,1,2,No,3
274,4,4,5,3,2,4,No,0
275,4,4,5,4,3,2,No,6
276,4,1,4,3,3,1,No,6
277,4,5,2,3,4,1,Yes,6
278,4,2,1,3,3,5,No,0
279,5,4,1,4,3,2,No,0
280,2,3,5,4,5,5,No,0
281,3,2,4,4,5,2,No,0
282,4,4,4,3,5,5,No,0
283,4,4,5,3,5,4,No,0
284,4,3,5,3,4,1,No,3
285,2,4,2,1,5,3,Yes,0
286,5,2,1,3,1,4,No,0
287,2,4,1,4,4,5,No,6
288,4,3,5,4,3,2,No,0
289,2,3,4,1,5,3,Yes,0
290,3,4,3,1,5,1,No,3
291,2,4,5,1,4,4,No,3
292,2,2,1,3,4,2,No,0
293,3,4,4,4,5,4,No,7
294,1,3,5,4,3,4,No,7
295,3,4,5,3,5,5,No,0
296,4,3,4,2,5,5,No,0
297,2,4,2,3,3,1,No,0
298,5,3,3,4,3,5,Yes,0
299,4,3,1,3,1,5,No,3
300,4,4,4,3,2,1,No,0
301,3,4,2,1,4,5,No,3
302,5,4,5,5,3,3,No,7
303,2,1,5,2,1,5,Yes,0
304,3,4,2,1,3,1,No,0
305,4,4,5,1,3,5,No,0
306,5,2,5,1,5,2,Yes,0
307,4,4,3,3,5,4,No,7
308,4,4,2,4,5,2,No,0
309,3,3,5,3,2,4,No,0
310,4,4,4,3,4,3,No,3
311,2,3,5,2,1,4,Yes,3
312,4,3,1,3,3,5,Yes,6
313,4,4,4,3,5,2,No,0
314,5,1,4,4,5,2,Yes,0
315,1,1,5,3,5,3,Yes,3
316,2,4,5,3,4,5,No,7
317,2,4,5,2,5,2,No,0
318,5,2,4,3,1,3,No,0
319,2,4,2,1,5,4,No,7
320,4,3,4,2,4,3,No,0
321,2,3,4,2,5,5,No,3
322,4,2,4,2,1,5,Yes,0
323,1,4,1,1,4,5,Yes,6
324,3,4,5,2,4,1,No,0
325,4,4,4,4,4,5,No,0
326,4,4,3,2,3,3,No,3
327,4,3,5,4,3,4,Yes,0
328,4,1,1,5,3,1,No,3
329,4,1,4,1,4,5,No,3
330,3,2,4,2,3,5,No,0
331,4,1,4,3,5,2,No,7
332,4,2,3,4,3,2,No,3
333,4,2,1,3,5,4,No,0
334,4,1,5,1,5,5,No,0
335,4,3,4,3,4,1,No,0
336,3,1,2,3,5,4,No,7
337,3,4,4,3,3,5,No,6
338,5,4,5,4,4,5,No,6
339,2,4,4,4,3,4,No,0
340,2,4,3,1,1,5,No,6
341,3,2,5,2,5,3,No,0
342,5,4,5,4,5,2,No,0
343,3,3,1,1,5,2,No,7
344,2,4,4,2,4,1,No,3
345,1,4,4,2,3,4,No,0
346,2,1,3,2,2,1,No,0
347,4,3,5,4,3,5,No,3
348,3,2,5,3,3,5,No,3
349,4,5,5,5,3,3,Yes,0
350,4,4,5,2,3,3,No,3
351,2,2,2,3,2,5,No,0
352,5,4,3,1,3,2,No,7
353,2,5,3,3,4,4,Yes,0
354,2,2,4,3,5,1,No,6
355,1,2,5,3,5,5,No,3
356,3,4,5,2,2,3,No,0
357,3,4,2,3,3,2,No,3
358,4,4,3,2,4,1,No,3
359,5,5,4,1,3,5,Yes,3
360,4,4,3,5,3,4,Yes,7
361,4,3,4,4,2,2,No,7
362,4,2,3,5,2,2,No,0
363,5,4,1,4,5,1,Yes,3
364,4,4,5,2,5,1,No,0
365,5,2,3,3,3,5,Yes,0
366,2,1,1,3,3,5,No,6
367,2,4,5,4,5,3,No,3
368,2,4,5,4,1,2,No,7
369,1,4,2,2,2,1,No,3
370,4,1,2,3,5,3,Yes,3
371,3,1,4,1,5,4,No,0
372,2,4,2,2,3,5,No,0
373,1,3,3,5,3,4,No,0
374,4,4,4,5,3,5,No,3
375,4,4,1,2,2,1,No,3
376,1,4,3,1,3,4,No,7
377,2,4,1,3,4,3,No,3
378,5,4,3,1,3,2,No,7
379,3,3,2,3,3,4,No,0
380,3,1,4,1,3,4,No,0
381,4,4,5,3,4,1,No,3
382,4,4,3,3,2,3,No,3
383,2,3,2,5,5,4,No,0
384,2,4,4,4,2,2,No,0
385,4,4,5,1,4,1,No,6
386,4,1,1,1,5,4,Yes,0
387,4,3,4,3,2,4,Yes,3
388,2,1,5,3,1,1,No,0
389,4,4,5,3,3,3,No,0
390,3,4,2,4,3,3,No,6
391,4,4,3,4,4,1,Yes,0
392,3,1,5,2,3,4,No,3
393,1,2,3,3,5,4,No,0
394,4,5,2,2,5,4,Yes,6
395,5,3,1,2,4,1,No,7
396,5,4,5,2,3,5,No,0
397,1,4,3,1,4,2,No,0
398,4,3,3,1,5,5,Yes,3
399,1,2,3,2,5,5,No,7
400,4,1,5,3,4,4,No,0
401,4,4,5,3,2,5,No,0
402,2,4,2,4,3,3,No,0
403,4,3,1,3,1,1,Yes,0
404,4,4,5,3,5,5,No,3
405,5,4,3,4,5,2,No,0
406,2,1,5,1,4,1,No,0
407,4,4,4,1,3,3,No,0
408,3,2,1,5,3,4,No,3
409,2,1,3,1,3,3,No,0
410,2,4,5,4,3,4,No,6
411,3,3,5,1,4,3,No,7
412,3,3,3,1,5,5,No,3
413,4,5,5,4,3,2,Yes,0
414,2,4,2,2,4,3,No,0
415,4,3,4,3,3,4,Yes,3
416,4,2,5,3,1,4,No,3
417,2,2,1,2,5,3,No,0
418,4,4,1,1,3,2,No,3
419,4,3,1,3,1,3,No,0
420,3,4,3,3,3,1,No,3
421,2,3,2,1,3,2,No,3
422,5,4,1,5,3,5,No,0
423,2,4,5,3,3,5,No,7
424,2,2,5,3,3,4,No,6
425,5,4,3,1,5,1,Yes,6
426,1,1,5,4,4,4,No,0
427,4,4,5,1,5,1,No,3
428,3,1,4,1,2,1,No,7
429,5,1,5,4,1,2,Yes,7
430,4,2,5,3,2,4,No,0
431,4,4,2,2,3,4,Yes,3
432,2,3,4,4,5,3,No,0
433,2,3,2,2,3,3,No,0
434,5,4,5,3,5,2,No,7
435,1,4,5,2,5,2,No,0
436,2,4,1,3,2,3,No,0
437,2,2,5,5,1,2,No,3
438,2,2,5,5,4,3,Yes,3
439,2,4,4,3,3,2,No,0
440,3,4,2,2,3,3,No,3
441,2,3,4,3,3,1,No,0
442,3,4,5,1,3,2,No,3
443,4,5,1,2,1,4,Yes,6
444,5,4,2,4,3,3,No,3
445,2,4,4,1,5,5,No,0
446,4,1,3,3,4,2,Yes,3
447,1,4,5,2,1,5,No,6
448,3,3,3,3,3,1,No,0
449,3,1,3,1,3,2,No,7
450,4,2,2,5,3,3,No,3
451,1,4,3,4,3,1,No,0
452,1,3,5,4,1,3,No,3
453,5,2,4,3,3,5,No,0
454,4,4,4,4,1,4,Yes,3
455,4,5,4,4,4,2,Yes,6
456,4,1,5,3,2,4,No,0
457,4,3,5,2,3,2,No,0
458,2,4,4,2,5,4,No,0
459,2,4,5,2,3,4,No,6
460,4,2,1,1,3,4,No,0
461,4,2,5,4,2,2,Yes,0
462,4,3,3,1,5,1,No,0
463,3,1,2,1,1,1,No,6
464,2,4,5,2,4,3,No,3
465,4,4,2,5,5,4,No,3
466,4,5,5,3,3,5,Yes,0
467,4,5,5,1,4,5,Yes,3
468,2,4,5,3,1,4,No,3
469,4,5,3,3,1,4,Yes,0
470,1,4,4,3,4,4,No,3
471,3,4,2,4,2,3,No,3
472,5,1,4,2,3,4,No,0
473,2,2,5,5,5,2,No,3
474,3,3,5,3,5,3,No,3
475,1,4,3,4,4,5,No,3
476,4,3,3,3,1,5,No,0
477,3,4,4,4,3,1,No,6
478,3,4,4,3,5,1,No,7
479,5,4,4,4,3,2,No,0
480,3,4,4,4,2,2,No,0
481,2,1,1,5,5,5,Yes,3
482,3,4,2,1,3,2,No,0
483,4,4,5,3,3,3,No,3
484,1,4,4,1,1,3,No,7
485,5,4,4,4,5,2,No,3
486,2,3,3,3,5,1,No,3
487,2,2,5,2,3,5,No,0
488,3,1,4,4,2,1,No,0
489,4,2,4,2,3,2,No,6
490,2,2,1,4,1,5,No,6
491,2,2,4,5,2,2,No,6
492,5,3,1,2,1,5,No,3
493,2,3,5,3,3,4,No,0
494,2,1,1,5,1,3,No,0
495,3,3,5,4,1,4,No,3
496,4,4,5,5,5,3,No,3
497,2,2,3,1,2,3,No,3
498,2,4,2,2,3,2,No,0
499,4,4,4,1,1,3,No,7
500,5,3,5,2,5,1,No,0
501,2,4,2,2,5,4,No,3
502,5,4,5,3,2,3,No,6
503,3,1,5,4,4,4,No,0
504,2,1,5,4,4,4,No,6
505,5,3,5,3,2,5,No,3
506,2,3,3,5,5,1,No,0
507,1,1,3,1,1,4,No,6
508,1,3,4,1,3,3,Yes,6
509,4,2,4,3,5,2,No,0
510,4,4,2,3,1,3,No,0
511,4,3,3,5,4,5,No,7
512,5,2,2,5,3,4,No,3
513,4,2,1,4,4,1,No,0
514,1,4,1,3,3,4,No,6
515,4,3,5,3,3,4,Yes,6
516,4,4,2,1,3,5,No,0
517,4,4,3,2,4,3,No,0
518,3,4,3,1,3,3,No,3
519,3,1,2,3,3,2,No,0
520,2,3,5,5,5,3,Yes,7
521,3,4,1,3,3,3,No,0
522,2,4,5,3,5,2,No,0
523,1,3,4,1,5,2,No,6
524,5,4,5,3,5,1,No,6
525,4,2,4,1,5,4,No,0
526,3,4,3,1,5,4,No,3
527,5,1,5,2,5,2,Yes,0
528,4,1,4,3,3,4,No,0
529,4,4,4,3,1,4,Yes,3
530,4,1,4,3,4,1,Yes,0
531,1,1,1,2,5,1,No,6
532,3,3,5,1,5,3,No,3
533,4,1,1,3,2,2,Yes,3
534,3,2,5,1,2,3,No,0
535,5,1,4,1,5,5,No,0
536,2,4,3,2,3,4,Yes,6
537,5,2,4,4,3,3,No,0
538,4,4,5,5,3,4,No,3
539,2,4,5,2,4,1,No,3
540,1,2,4,4,5,1,No,0
541,4,2,4,3,4,1,Yes,3
542,2,3,4,4,2,2,Yes,0
543,4,5,3,3,4,3,Yes,0
544,3,4,2,1,5,5,No,0
545,2,4,3,2,3,4,No,6
546,4,3,5,3,3,4,No,3
547,4,4,2,5,2,5,No,6
548,5,4,5,4,5,2,No,0
549,4,3,2,4,3,5,No,0
550,2,3,1,2,3,5,Yes,6
551,3,3,4,3,5,4,No,7
552,2,1,3,1,1,4,No,0
553,1,3,4,5,1,5,No,3
554,4,3,3,3,4,3,No,0
555,5,2,5,3,3,3,No,3
556,2,4,5,3,3,1,No,0
557,4,5,4,1,5,4,Yes,3
558,4,3,3,1,4,3,No,6
559,4,4,4,4,2,3,No,3
560,4,1,5,2,5,4,No,6
561,2,4,1,4,4,4,Yes,3
562,4,3,4,4,5,5,No,0
563,2,4,3,2,2,2,No,0
564,4,4,3,1,5,1,No,0
565,1,2,1,3,4,5,Yes,3
566,3,4,3,1,3,1,No,3
567,3,2,4,1,5,1,No,0
568,3,1,4,1,1,3,No,0
569,5,3,4,4,1,2,No,7
570,1,4,5,3,3,4,No,3
571,4,5,3,1,4,5,Yes,0
572,4,4,2,1,5,4,No,3
573,2,1,5,4,1,4,Yes,3
574,4,4,2,3,2,3,No,0
575,4,3,1,1,3,1,No,0
576,3,4,5,3,5,1,No,6
577,5,5,3,2,5,2,Yes,0
578,4,3,5,4,1,5,No,3
579,1,2,5,5,4,2,Yes,6
580,4,3,5,4,4,3,No,7
581,2,1,5,3,2,5,No,3
582,4,4,5,3,3,3,No,0
583,4,4,5,1,3,1,No,0
584,4,4,3,1,3,4,No,3
585,3,4,5,2,3,4,No,0
586,4,4,5,3,3,5,No,7
587,5,1,3,1,5,2,No,0
588,4,3,5,4,3,1,No,3
589,4,4,5,1,3,3,No,6
590,4,3,3,2,5,4,No,6
591,2,3,1,3,4,5,No,0
592,2,4,1,4,3,3,No,7
593,5,1,5,3,2,2,No,3
594,3,2,3,3,3,5,No,0
595,4,4,5,2,4,4,No,0
596,2,4,5,2,1,2,No,6
597,2,1,3,3,4,5,No,7
598,4,4,5,2,5,1,No,6
599,4,4,1,2,1,3,No,0
600,3,2,1,3,5,1,No,3
601,3,3,4,1,4,5,No,0
602,5,4,3,3,5,5,No,0
603,1,5,1,2,4,2,Yes,3
604,3,1,5,1,5,1,No,0
605,3,4,2,3,4,2,No,3
606,3,4,4,1,4,2,No,6
607,5,4,5,2,1,5,No,0
608,4,4,4,2,5,3,Yes,0
609,2,1,3,5,3,5,No,7
610,1,2,1,3,4,4,No,0
611,4,4,4,4,3,4,No,0
612,1,3,3,1,2,5,Yes,0
613,2,4,4,3,4,4,No,0
614,3,4,3,3,3,4,No,0
615,5,4,4,2,4,1,No,6
616,5,1,2,4,1,5,Yes,0
617,3,2,5,4,4,3,No,6
618,2,4,4,2,2,4,No,3
619,1,5,2,1,5,2,Yes,0
620,4,5,3,1,2,2,Yes,0
621,1,2,5,3,5,2,No,7
622,3,4,1,3,5,3,No,0
623,3,3,1,2,1,1,No,3
624,3,4,5,3,5,4,No,3
625,5,3,1,1,5,5,No,0
626,3,3,3,3,5,1,No,3
627,5,2,3,4,1,1,No,3
628,4,3,1,4,3,5,Yes,3
629,4,3,1,3,3,5,Yes,3
630,2,4,3,1,4,4,No,0
631,2,3,1,3,1,3,Yes,0
632,2,4,5,2,3,2,No,0
633,4,4,3,5,3,1,No,3
634,3,3,3,4,2,4,No,7
635,4,4,5,1,3,2,No,7
636,5,4,2,1,3,1,No,0
637,2,2,5,3,3,5,No,0
638,3,2,2,1,3,5,No,3
639,2,4,5,3,1,4,No,3
640,2,4,4,5,4,4,No,7
641,5,2,5,3,1,2,No,0
642,2,4,1,3,3,5,No,3
643,4,2,4,3,4,5,No,3
644,2,2,2,3,3,2,No,0
645,3,2,4,4,3,1,No,6
646,2,4,5,1,1,5,No,3
647,2,2,5,4,4,5,No,0
648,2,2,3,2,2,2,No,6
649,3,4,4,3,5,5,No,0
650,5,1,1,4,5,4,No,3
651,4,3,4,2,1,3,No,0
652,2,4,4,3,3,1,No,0
653,2,4,5,5,3,5,No,0
654,5,4,5,2,5,4,No,3
655,2,1,5,4,3,5,No,3
656,4,5,4,4,5,1,Yes,0
657,2,3,5,2,3,1,No,3
658,4,5,3,2,3,3,Yes,0
659,4,4,5,1,3,3,No,3
660,4,4,4,3,4,1,Yes,0
661,3,4,2,1,1,3,No,0
662,5,4,3,2,5,2,No,7
663,1,3,2,3,2,3,Yes,0
664,5,2,2,3,3,1,No,0
665,4,4,4,1,3,4,Yes,3
666,2,2,5,2,3,5,No,0
667,1,4,4,3,3,2,No,3
668,5,4,5,3,1,4,No,0
669,2,5,3,1,3,1,Yes,6
670,4,2,5,3,5,3,Yes,0
671,2,4,1,3,5,2,No,0
672,2,5,1,1,3,5,Yes,0
673,4,2,5,1,3,1,No,0
674,1,4,4,4,4,5,No,6
675,4,5,2,5,2,3,Yes,3
676,4,4,2,2,2,3,No,3
677,2,4,5,3,1,2,No,7
678,4,2,4,2,3,5,No,7
679,4,1,5,2,1,4,Yes,0
680,4,3,5,3,1,1,No,3
681,2,4,1,2,1,3,No,0
682,5,4,1,3,3,5,No,3
683,3,1,5,1,5,2,No,3
684,4,3,3,3,5,4,Yes,6
685,3,3,5,3,3,5,No,3
686,4,4,5,1,5,4,Yes,0
687,5,3,4,3,3,3,Yes,3
688,1,1,5,3,5,5,Yes,3
689,4,3,5,1,5,2,No,6
690,4,2,5,2,5,3,Yes,0
691,3,2,4,1,2,3,No,0
692,4,3,3,4,3,4,No,0
693,5,3,5,1,4,5,Yes,0
694,4,4,5,3,2,2,No,0
695,3,4,3,3,1,3,No,3
696,1,3,4,2,4,2,No,7
697,5,2,1,2,4,2,No,7
698,5,4,5,3,4,4,No,7
699,4,4,5,5,3,3,Yes,0
700,4,4,5,3,3,5,No,3
701,2,1,3,2,3,1,Yes,0
702,3,3,5,4,4,4,No,3
703,4,3,5,3,3,3,No,0
704,1,2,5,1,1,4,No,3
705,4,5,4,1,1,2,Yes,0
706,4,3,1,2,1,1,No,3
707,3,1,5,1,1,2,No,0
708,1,4,4,3,2,5,No,0
709,2,1,2,3,3,5,No,0
710,1,4,5,1,5,2,No,0
711,4,4,4,3,4,4,No,0
712,2,1,5,1,4,1,No,0
713,2,4,1,2,2,3,No,0
714,2,3,3,1,3,5,No,3
715,2,4,3,3,4,3,No,6
716,1,3,4,2,3,4,No,6
717,3,4,1,3,4,5,No,0
718,5,5,5,1,4,2,Yes,0
719,2,4,4,5,3,5,No,7
720,4,4,4,3,5,3,No,0
721,1,2,4,2,2,5,Yes,6
722,4,2,4,4,4,1,No,3
723,1,3,1,3,2,1,No,0
724,4,3,5,2,1,3,No,7
725,4,1,3,2,5,5,Yes,0
726,5,3,1,3,4,5,No,6
727,5,3,1,2,4,4,Yes,7
728,4,3,5,2,5,3,No,0
729,4,3,2,3,1,4,No,0
730,5,4,5,2,4,1,No,3
731,2,2,4,4,5,3,No,0
732,2,3,4,1,4,5,No,3
733,1,3,5,2,4,2,No,0
734,2,2,4,4,3,5,Yes,6
735,4,1,5,3,4,3,No,3
736,2,3,4,1,3,1,No,0
737,5,1,1,4,5,2,No,7
738,4,4,5,3,4,5,No,6
739,3,4,4,1,4,2,No,6
740,2,2,3,2,4,5,No,3
741,3,1,5,1,3,2,No,0
742,3,2,5,3,3,3,No,0
743,4,1,5,2,3,5,No,0
744,2,3,5,3,3,2,Yes,7
745,1,2,4,3,4,4,No,0
746,3,4,3,1,3,1,No,0
747,4,4,5,5,2,5,No,0
748,4,1,5,2,5,5,Yes,7
749,3,4,4,1,1,5,No,7
750,3,3,5,5,3,5,No,3
751,2,2,3,1,1,5,Yes,3
752,4,3,5,1,1,4,Yes,0
753,4,2,1,4,5,2,Yes,3
754,4,4,5,5,2,3,No,3
755,1,4,5,1,5,4,No,0
756,4,4,5,2,5,2,No,6
757,4,4,5,3,5,3,No,0
758,3,3,3,3,4,1,No,0
759,1,2,4,1,3,3,No,7
760,2,1,5,5,5,2,No,6
761,4,4,3,3,3,2,No,0
762,2,3,3,3,4,4,No,0
763,2,4,5,3,4,4,No,3
764,2,1,5,4,4,2,No,0
765,3,4,1,2,1,2,No,3
766,1,2,5,1,3,3,No,0
767,5,3,2,3,3,4,Yes,7
768,2,5,5,4,3,5,Yes,0
769,2,3,3,2,3,3,No,0
770,2,1,5,3,2,5,No,0
771,3,1,3,3,4,3,No,3
772,2,3,5,4,4,4,Yes,6
773,3,4,3,1,5,4,No,3
774,2,1,4,3,5,4,No,0
775,1,3,1,3,3,1,Yes,0
776,4,2,4,1,2,1,No,0
777,3,4,4,5,3,4,No,0
778,1,4,3,1,4,1,No,0
779,4,1,1,3,5,3,No,3
780,2,3,4,4,5,4,No,3
781,4,1,2,3,5,3,No,0
782,3,3,4,2,4,1,No,3
783,3,3,3,5,3,2,No,0
784,3,4,5,1,4,1,No,6
785,2,4,5,4,3,2,No,0
786,4,2,5,3,1,2,No,0
787,4,5,2,2,3,4,Yes,3
788,3,4,5,3,5,3,No,7
789,3,4,4,2,1,5,No,0
790,5,2,4,3,4,2,Yes,0
791,5,4,5,1,4,2,No,0
792,2,4,4,2,5,4,Yes,0
793,4,2,4,2,4,2,No,0
794,4,4,5,2,2,2,No,3
795,1,3,3,3,4,4,No,3
796,4,3,5,1,5,3,Yes,7
797,4,4,3,4,1,1,No,3
798,5,3,5,1,1,5,No,6
799,5,4,4,3,5,4,No,3
800,4,4,2,4,5,5,Yes,0
801,4,3,2,2,5,1,No,3
802,4,4,2,4,4,1,No,3
803,5,4,4,3,4,4,No,6
804,3,3,2,3,5,3,No,3
805,3,1,4,1,3,4,No,0
806,2,4,4,1,5,2,No,6
807,1,4,1,4,5,3,No,7
808,5,4,4,3,5,1,No,3
809,5,4,5,3,5,3,No,3
810,2,3,2,1,4,5,No,0
811,4,3,2,1,3,1,No,0
812,3,2,4,2,5,1,No,3
813,5,4,5,4,1,1,No,3
814,1,3,5,3,5,2,Yes,0
815,4,3,5,4,5,3,No,0
816,1,1,3,3,4,4,No,3
817,2,2,5,1,5,4,Yes,6
818,2,4,4,4,5,2,No,6
819,2,4,3,3,1,3,Yes,7
820,4,3,5,1,3,1,No,3
821,3,4,1,5,4,4,No,3
822,4,4,5,1,4,5,No,3
823,1,2,4,2,2,5,No,3
824,4,4,2,1,5,1,No,3
825,1,1,5,4,3,1,Yes,3
826,3,1,5,1,3,2,No,3
827,5,4,5,3,5,4,Yes,0
828,4,2,2,2,5,5,Yes,0
829,2,2,5,2,3,2,No,3
830,4,3,4,3,5,2,No,0
831,2,2,5,3,5,5,Yes,0
832,2,4,1,2,5,4,No,0
833,4,1,4,5,1,5,No,3
834,2,3,5,3,2,4,No,3
835,2,2,5,1,2,5,No,0
836,5,4,2,3,4,4,No,3
837,5,3,5,1,5,1,No,0
838,5,1,3,2,4,5,No,7
839,4,3,2,3,5,1,No,3
840,5,3,5,1,2,5,No,7
841,4,4,5,1,2,3,No,7
842,4,2,4,2,5,1,No,3
843,5,4,3,1,2,3,No,3
844,4,4,5,2,5,5,No,3
845,4,2,1,3,2,5,No,3
846,4,1,1,2,5,2,No,0
847,4,3,3,5,4,2,No,0
848,4,2,5,4,3,4,Yes,3
849,4,4,5,2,3,1,No,0
850,3,4,1,4,4,4,No,6
851,4,4,1,2,3,5,No,7
852,2,1,5,4,3,1,No,0
853,2,2,3,3,5,1,No,6
854,4,1,5,2,4,1,Yes,0
855,4,5,4,4,5,3,Yes,7
856,2,4,4,1,5,2,No,0
857,1,4,4,1,1,2,No,3
858,4,3,5,1,4,1,Yes,3
859,1,3,3,3,4,4,No,3
860,5,3,5,4,3,2,No,3
861,4,4,5,2,4,1,No,7
862,1,4,3,2,5,4,No,3
863,4,4,2,2,3,2,Yes,3
864,4,3,1,2,3,4,Yes,3
865,4,4,5,5,5,2,Yes,3
866,2,3,5,4,1,1,No,6
867,4,2,5,4,1,2,No,6
868,2,4,5,2,1,2,Yes,0
869,3,2,3,3,3,1,No,3
870,4,4,5,3,1,3,No,0
871,3,4,5,3,2,5,No,0
872,5,4,3,4,3,5,No,6
873,4,1,5,4,3,4,No,3
874,2,3,3,4,5,1,No,0
875,4,1,3,2,3,4,No,0
876,3,4,3,1,3,1,No,3
877,4,1,3,3,3,4,No,6
878,2,3,3,1,2,4,Yes,0
879,4,2,4,3,3,5,No,0
880,3,2,1,3,3,2,No,0
881,1,4,5,4,5,5,No,3
882,4,3,5,1,5,3,No,6
883,5,3,4,1,4,4,No,3
884,2,3,3,3,5,4,Yes,0
885,4,2,4,1,1,4,No,3
886,2,4,4,4,3,4,No,0
887,5,4,5,4,5,4,No,7
888,5,2,5,4,1,2,No,0
889,3,4,4,1,3,2,No,3
890,4,4,4,3,3,5,No,0
891,4,4,1,1,5,5,Yes,0
892,4,3,5,3,3,5,No,3
893,4,3,4,1,3,2,Yes,0
894,3,4,5,5,5,5,No,0
895,5,4,5,1,2,1,No,7
896,4,2,3,4,5,1,No,6
897,2,4,4,1,1,5,No,3
898,4,5,4,3,4,2,Yes,0
899,5,4,3,3,2,5,No,0
900,3,2,4,4,2,4,No,7
901,5,1,3,3,1,2,No,7
902,5,3,3,1,3,2,Yes,0
903,1,1,5,5,4,2,No,3
904,5,2,3,4,3,4,No,0
905,2,3,5,2,4,2,No,0
906,4,3,5,2,3,5,No,0
907,2,1,4,2,2,3,No,0
908,2,3,1,3,4,2,Yes,7
909,1,3,1,3,3,3,No,0
910,3,4,5,1,5,4,No,0
911,4,4,5,5,2,5,No,0
912,2,4,1,1,5,2,No,6
913,4,2,1,3,5,2,No,3
914,4,5,5,1,3,1,Yes,7
915,5,4,5,2,5,3,No,0
916,1,1,5,1,4,1,No,3
917,4,3,5,4,4,5,No,6
918,2,2,2,3,2,3,No,0
919,3,4,3,5,2,2,No,0
920,2,3,4,3,1,5,Yes,6
921,4,4,4,4,5,4,No,0
922,5,2,5,1,4,3,Yes,6
923,4,3,4,4,2,5,No,0
924,3,2,3,5,4,4,No,0
925,4,3,1,1,4,2,No,6
926,2,1,4,5,2,3,No,6
927,2,4,5,2,3,4,Yes,6
928,2,3,5,3,3,1,No,0
929,2,2,5,4,3,3,No,3
930,3,4,4,2,1,3,No,7
931,4,3,5,3,5,5,Yes,3
932,2,4,4,1,4,3,No,0
933,4,3,2,4,4,5,Yes,3
934,4,4,5,1,3,5,No,0
935,4,1,5,2,5,2,Yes,7
936,5,4,4,1,3,4,No,0
937,3,1,2,3,1,4,No,0
938,4,1,3,5,3,2,No,3
939,4,3,5,4,4,4,Yes,3
940,3,3,5,2,1,1,No,3
941,2,1,4,3,2,4,No,0
942,2,4,3,1,5,4,No,6
943,4,4,5,1,3,2,No,0
944,5,1,3,3,2,5,No,3
945,4,1,4,1,4,2,No,0
946,1,4,5,3,3,4,No,0
947,3,3,5,1,3,1,No,0
948,2,1,3,3,5,5,No,7
949,1,2,2,3,1,4,Yes,0
950,3,1,3,3,4,1,No,6
951,3,3,4,1,4,1,No,0
952,4,3,1,4,3,3,No,0
953,5,4,5,1,4,5,No,7
954,3,4,4,1,3,4,No,0
955,3,3,5,3,1,1,No,0
956,4,4,5,2,4,2,No,0
957,4,4,2,3,5,3,Yes,0
958,4,4,2,2,1,1,Yes,0
959,4,4,3,2,4,4,Yes,6
960,2,5,2,1,4,2,Yes,7
961,3,3,1,4,2,2,No,3
962,4,4,5,1,3,2,No,3
963,4,3,4,4,2,3,No,6
964,3,4,3,1,5,4,No,7
965,2,1,5,1,4,2,No,7
966,2,5,4,1,1,2,Yes,0
967,1,1,5,3,3,1,No,3
968,4,4,5,3,4,2,No,3
969,5,5,5,4,1,5,Yes,7
970,5,3,4,2,1,2,Yes,0
971,3,4,5,3,2,5,No,3
972,4,4,5,2,4,1,No,3
973,3,4,5,1,4,5,No,0
974,2,3,1,3,5,4,No,3
975,5,4,5,1,3,4,No,6
976,1,4,5,1,1,1,No,3
977,2,1,5,1,2,4,No,6
978,2,4,3,3,3,3,No,7
979,2,4,5,4,3,2,No,0
980,5,3,5,2,5,2,Yes,0
981,5,2,2,2,2,3,No,0
982,2,4,4,4,3,5,No,3
983,4,4,2,1,3,4,No,0
984,4,4,4,5,1,3,No,3
985,3,3,5,2,5,3,No,0
986,4,4,3,1,4,2,Yes,6
987,4,4,2,3,1,5,No,3
988,5,3,1,4,5,3,Yes,7
989,2,3,1,4,5,3,No,0
990,4,4,5,4,1,2,No,0
991,4,4,2,3,4,3,No,3
992,4,4,3,4,4,4,No,3
993,4,4,5,4,3,5,No,3
994,4,2,2,3,2,4,No,0
995,3,2,5,3,3,1,No,0
996,1,3,4,3,3,2,Yes,0
997,2,4,5,3,5,2,Yes,3
998,5,2,3,3,4,2,No,3
999,3,4,2,4,4,1,No,0
1000,2,3,3,5,4,1,Yes,3
